step,time,lambda0,lambdas,cost
0,0.0,0.9999696744219153,"[ 0.21221823  5.44838784  1.46605016 -1.12514288 -0.39566661 -2.19917575
 -2.19449954  4.53739213]",-0.9092811827244248
1,0.5,0.9999774523102304,"[ 1.21215501  5.44841075  1.46601425 -1.12511525 -0.39570571 -2.19918393
 -2.19446506  4.53736803]",-0.9106850057547263
